[
  {
    "name": "N/A",
    "vorname": "N/A",
    "beruf": "N/A",
    "klasse": "N/A",
    "grund": "N/A",
    "telefonP": "N/A",
    "telefonG": "N/A",
    "ortDatum": "N/A",
    "muendig": false
  },
  {
    "name": "N/A",
    "vorname": "N/A",
    "beruf": "N/A",
    "klasse": "N/A",
    "grund": "N/A",
    "telefonP": "N/A",
    "telefonG": "N/A",
    "ortDatum": "N/A",
    "muendig": false
  },
  {
    "name": "N/A",
    "vorname": "N/A",
    "beruf": "N/A",
    "klasse": "N/A",
    "grund": "N/A",
    "telefonP": "N/A",
    "telefonG": "N/A",
    "ortDatum": "N/A",
    "muendig": false
  },
  {
    "name": "N/A",
    "vorname": "N/A",
    "beruf": "N/A",
    "klasse": "N/A",
    "grund": "N/A",
    "telefonP": "N/A",
    "telefonG": "N/A",
    "ortDatum": "N/A",
    "muendig": false
  },
  {
    "name": "N/A",
    "vorname": "N/A",
    "beruf": "N/A",
    "klasse": "N/A",
    "grund": "N/A",
    "telefonP": "N/A",
    "telefonG": "N/A",
    "ortDatum": "N/A",
    "muendig": false
  }
]